{
  "best_model": "RandomForest",
  "best_model_auc": 0.612701,
  "train_seasons": [
    "2007/08",
    "2009",
    "2009/10",
    "2011",
    "2012",
    "2013",
    "2014",
    "2015",
    "2016",
    "2017",
    "2018",
    "2019",
    "2020/21",
    "2021",
    "2022",
    "2023",
    "2024"
  ],
  "val_seasons": [
    "2025"
  ],
  "test_seasons": [
    "2026"
  ],
  "train_size": 1055,
  "val_size": 69,
  "test_size": 23,
  "models": {
    "LogisticRegression": {
      "model": "LogisticRegression",
      "accuracy": 0.434783,
      "precision": 0.372549,
      "recall": 0.730769,
      "f1": 0.493506,
      "roc_auc": 0.529517,
      "log_loss": 0.738987,
      "calibration": {
        "calibration_x": [
          0.340404,
          0.45246,
          0.547273,
          0.635392,
          0.73815
        ],
        "calibration_y": [
          0.333333,
          0.4,
          0.357143,
          0.388889,
          0.4
        ]
      },
      "confusion_matrix": {
        "true_neg": 11,
        "false_pos": 32,
        "false_neg": 7,
        "true_pos": 19
      },
      "roc_curve": {
        "fpr": [
          0.0,
          0.023255813953488372,
          0.023255813953488372,
          0.11627906976744186,
          0.11627906976744186,
          0.20930232558139536,
          0.20930232558139536,
          0.23255813953488372,
          0.23255813953488372,
          0.32558139534883723,
          0.32558139534883723,
          0.4186046511627907,
          0.4186046511627907,
          0.46511627906976744,
          0.46511627906976744,
          0.5348837209302325,
          0.5348837209302325,
          0.7674418604651163,
          0.7674418604651163,
          0.7906976744186046,
          0.7906976744186046,
          0.8604651162790697,
          0.8604651162790697,
          0.9302325581395349,
          0.9302325581395349,
          1.0,
          1.0
        ],
        "tpr": [
          0.0,
          0.0,
          0.07692307692307693,
          0.07692307692307693,
          0.11538461538461539,
          0.11538461538461539,
          0.19230769230769232,
          0.19230769230769232,
          0.23076923076923078,
          0.23076923076923078,
          0.46153846153846156,
          0.46153846153846156,
          0.5,
          0.5,
          0.6153846153846154,
          0.6153846153846154,
          0.7307692307692307,
          0.7307692307692307,
          0.8076923076923077,
          0.8076923076923077,
          0.8461538461538461,
          0.8461538461538461,
          0.8846153846153846,
          0.8846153846153846,
          0.9615384615384616,
          0.9615384615384616,
          1.0
        ],
        "thresholds": [
          null,
          0.7683049908892845,
          0.7353814248047392,
          0.67091961390556,
          0.6636156776726732,
          0.6494351294737706,
          0.6439300267749447,
          0.6378316512201572,
          0.6211190273356169,
          0.6072013601650786,
          0.5817030826329153,
          0.573703223059491,
          0.5732584727065813,
          0.5684500072085394,
          0.5544056232167002,
          0.5441133219814569,
          0.5241400319232528,
          0.4975044068708493,
          0.4909560294719337,
          0.4805592898053615,
          0.4760236579446054,
          0.4417031973399496,
          0.4414328666975738,
          0.43023446995841225,
          0.42604444081438325,
          0.328861896559876,
          0.3105507465643286
        ]
      }
    },
    "RandomForest": {
      "model": "RandomForest",
      "accuracy": 0.434783,
      "precision": 0.396825,
      "recall": 0.961538,
      "f1": 0.561798,
      "roc_auc": 0.612701,
      "log_loss": 0.725062,
      "calibration": {
        "calibration_x": [
          0.477917,
          0.555196,
          0.63076
        ],
        "calibration_y": [
          0.166667,
          0.390244,
          0.409091
        ]
      },
      "confusion_matrix": {
        "true_neg": 5,
        "false_pos": 38,
        "false_neg": 1,
        "true_pos": 25
      },
      "roc_curve": {
        "fpr": [
          0.0,
          0.0,
          0.0,
          0.023255813953488372,
          0.023255813953488372,
          0.09302325581395349,
          0.09302325581395349,
          0.11627906976744186,
          0.11627906976744186,
          0.16279069767441862,
          0.16279069767441862,
          0.3023255813953488,
          0.3023255813953488,
          0.37209302325581395,
          0.37209302325581395,
          0.46511627906976744,
          0.46511627906976744,
          0.5116279069767442,
          0.5116279069767442,
          0.5348837209302325,
          0.5348837209302325,
          0.5581395348837209,
          0.5581395348837209,
          0.6046511627906976,
          0.6046511627906976,
          0.6744186046511628,
          0.6744186046511628,
          0.7674418604651163,
          0.7674418604651163,
          0.8604651162790697,
          0.8604651162790697,
          0.9069767441860465,
          0.9069767441860465,
          1.0
        ],
        "tpr": [
          0.0,
          0.038461538461538464,
          0.07692307692307693,
          0.07692307692307693,
          0.11538461538461539,
          0.11538461538461539,
          0.19230769230769232,
          0.19230769230769232,
          0.23076923076923078,
          0.23076923076923078,
          0.2692307692307692,
          0.2692307692307692,
          0.4230769230769231,
          0.4230769230769231,
          0.5769230769230769,
          0.5769230769230769,
          0.6538461538461539,
          0.6538461538461539,
          0.6923076923076923,
          0.6923076923076923,
          0.7692307692307693,
          0.7692307692307693,
          0.8076923076923077,
          0.8076923076923077,
          0.8461538461538461,
          0.8461538461538461,
          0.8846153846153846,
          0.8846153846153846,
          0.9230769230769231,
          0.9230769230769231,
          0.9615384615384616,
          0.9615384615384616,
          1.0,
          1.0
        ],
        "thresholds": [
          null,
          0.667813242672684,
          0.6619448662732138,
          0.6599434780128881,
          0.6596050337969237,
          0.6406298860283263,
          0.6390270530165196,
          0.6362043748687387,
          0.6293768027315731,
          0.6193398633569599,
          0.6169444565488802,
          0.6091365023383116,
          0.5971109345617018,
          0.5893477970778065,
          0.5786159684927199,
          0.5675409872850218,
          0.5672779116015768,
          0.5652082496960309,
          0.5644992183917137,
          0.5623276378431307,
          0.5599717699384275,
          0.5565876094574775,
          0.5555857511148072,
          0.5490643930463682,
          0.5472874384610913,
          0.5355513300303827,
          0.5338824096464522,
          0.5264418990932812,
          0.5261979814813413,
          0.5137329576668384,
          0.512555944671654,
          0.49078540660124303,
          0.4899585563411495,
          0.4561921655119039
        ]
      }
    },
    "XGBoost": {
      "model": "XGBoost",
      "accuracy": 0.536232,
      "precision": 0.4375,
      "recall": 0.807692,
      "f1": 0.567568,
      "roc_auc": 0.556351,
      "log_loss": 0.826694,
      "calibration": {
        "calibration_x": [
          0.168197,
          0.272144,
          0.380287,
          0.4545,
          0.559764,
          0.654581,
          0.760276,
          0.859847,
          0.905482
        ],
        "calibration_y": [
          0.0,
          0.333333,
          0.25,
          0.3,
          0.538462,
          0.583333,
          0.181818,
          0.333333,
          0.666667
        ]
      },
      "confusion_matrix": {
        "true_neg": 16,
        "false_pos": 27,
        "false_neg": 5,
        "true_pos": 21
      },